"DT_GERACAO";"HH_GERACAO";"ANO_ELEICAO";"CD_TIPO_ELEICAO";"NM_TIPO_ELEICAO";"NR_TURNO";"CD_ELEICAO";"DS_ELEICAO";"DT_ELEICAO";"TP_ABRANGENCIA";"SG_UF";"SG_UE";"NM_UE";"CD_MUNICIPIO";"NM_MUNICIPIO";"NR_ZONA";"CD_CARGO";"DS_CARGO";"TP_AGREMIACAO";"NR_PARTIDO";"SG_PARTIDO";"NM_PARTIDO";"NR_FEDERACAO";"NM_FEDERACAO";"SG_FEDERACAO";"DS_COMPOSICAO_FEDERACAO";"SQ_COLIGACAO";"NM_COLIGACAO";"DS_COMPOSICAO_COLIGACAO";"ST_VOTO_EM_TRANSITO";"QT_VOTOS_LEGENDA_VALIDOS";"QT_VOTOS_NOM_CONVR_LEG_VALIDOS";"QT_TOTAL_VOTOS_LEG_VALIDOS";"QT_VOTOS_NOMINAIS_VALIDOS";"QT_VOTOS_LEGENDA_ANUL_SUBJUD";"QT_VOTOS_NOMINAIS_ANUL_SUBJUD";"QT_VOTOS_LEGENDA_ANULADOS";"QT_VOTOS_NOMINAIS_ANULADOS"
"19/11/2025";"19:30:43";2024;2;"Eleição Ordinária";1;619;"Eleições Municipais 2024";"06/10/2024";"M";"RR";"03158";"SÃO LUIZ";3158;"SÃO LUIZ";4;13;"Vereador";"Partido isolado";12;"PDT";"Partido Democrático Trabalhista";-1;"#NULO#";"#NULO#";"#NULO#";230001729821;"PARTIDO ISOLADO";"PDT";"N";10;0;10;821;0;0;0;0
"19/11/2025";"19:30:43";2024;2;"Eleição Ordinária";1;619;"Eleições Municipais 2024";"06/10/2024";"M";"RR";"03018";"BOA VISTA";3018;"BOA VISTA";5;13;"Vereador";"Federação";23;"CIDADANIA";"Cidadania";100;"Federação PSDB CIDADANIA";"PSDB/CIDADANIA";"CIDADANIA / PSDB";230001750164;"FEDERAÇÃO";"Federação PSDB CIDADANIA(PSDB/CIDADANIA)";"N";13;0;13;498;0;0;0;0
"19/11/2025";"19:30:43";2024;2;"Eleição Ordinária";1;619;"Eleições Municipais 2024";"06/10/2024";"M";"RR";"03069";"CANTÁ";3069;"CANTÁ";5;13;"Vereador";"Partido isolado";55;"PSD";"Partido Social Democrático";-1;"#NULO#";"#NULO#";"#NULO#";230001729762;"PARTIDO ISOLADO";"PSD";"N";12;0;12;753;0;0;0;0
"19/11/2025";"19:30:43";2024;2;"Eleição Ordinária";1;619;"Eleições Municipais 2024";"06/10/2024";"M";"RR";"03026";"IRACEMA";3026;"IRACEMA";6;13;"Vereador";"Partido isolado";44;"UNIÃO";"União Brasil";-1;"#NULO#";"#NULO#";"#NULO#";230001698036;"PARTIDO ISOLADO";"UNIÃO";"N";14;0;14;1963;0;0;0;0
"19/11/2025";"19:30:43";2024;2;"Eleição Ordinária";1;619;"Eleições Municipais 2024";"06/10/2024";"M";"RR";"03093";"MUCAJAÍ";3093;"MUCAJAÍ";6;13;"Vereador";"Partido isolado";10;"REPUBLICANOS";"REPUBLICANOS";-1;"#NULO#";"#NULO#";"#NULO#";230001714335;"PARTIDO ISOLADO";"REPUBLICANOS";"N";69;0;69;2596;0;0;0;0
"19/11/2025";"19:30:43";2024;2;"Eleição Ordinária";1;619;"Eleições Municipais 2024";"06/10/2024";"M";"RR";"03018";"BOA VISTA";3018;"BOA VISTA";1;13;"Vereador";"Federação";45;"PSDB";"Partido da Social Democracia Brasileira";100;"Federação PSDB CIDADANIA";"PSDB/CIDADANIA";"CIDADANIA / PSDB";230001750164;"FEDERAÇÃO";"Federação PSDB CIDADANIA(PSDB/CIDADANIA)";"N";23;0;23;2481;0;0;0;0
"19/11/2025";"19:30:43";2024;2;"Eleição Ordinária";1;619;"Eleições Municipais 2024";"06/10/2024";"M";"RR";"03069";"CANTÁ";3069;"CANTÁ";5;13;"Vereador";"Federação";18;"REDE";"Rede Sustentabilidade";102;"Federação PSOL REDE";"PSOL/REDE";"PSOL / REDE";230001737766;"FEDERAÇÃO";"Federação PSOL REDE(PSOL/REDE)";"N";5;0;5;25;0;0;0;0
"19/11/2025";"19:30:43";2024;2;"Eleição Ordinária";1;619;"Eleições Municipais 2024";"06/10/2024";"M";"RR";"03018";"BOA VISTA";3018;"BOA VISTA";5;13;"Vereador";"Federação";50;"PSOL";"Partido Socialismo e Liberdade";102;"Federação PSOL REDE";"PSOL/REDE";"PSOL / REDE";230001737187;"FEDERAÇÃO";"Federação PSOL REDE(PSOL/REDE)";"N";16;0;16;181;0;0;0;0
"19/11/2025";"19:30:43";2024;2;"Eleição Ordinária";1;619;"Eleições Municipais 2024";"06/10/2024";"M";"RR";"03018";"BOA VISTA";3018;"BOA VISTA";1;13;"Vereador";"Partido isolado";20;"PODE";"Podemos";-1;"#NULO#";"#NULO#";"#NULO#";230001704694;"PARTIDO ISOLADO";"PODE";"N";47;0;47;8945;0;0;0;0
"19/11/2025";"19:30:43";2024;2;"Eleição Ordinária";1;619;"Eleições Municipais 2024";"06/10/2024";"M";"RR";"03018";"BOA VISTA";3018;"BOA VISTA";5;13;"Vereador";"Partido isolado";12;"PDT";"Partido Democrático Trabalhista";-1;"#NULO#";"#NULO#";"#NULO#";230001736747;"PARTIDO ISOLADO";"PDT";"N";101;0;101;9425;0;0;0;0
"19/11/2025";"19:30:43";2024;2;"Eleição Ordinária";1;619;"Eleições Municipais 2024";"06/10/2024";"M";"RR";"03107";"UIRAMUTÃ";3107;"UIRAMUTÃ";7;13;"Vereador";"Partido isolado";12;"PDT";"Partido Democrático Trabalhista";-1;"#NULO#";"#NULO#";"#NULO#";230001728580;"PARTIDO ISOLADO";"PDT";"N";75;0;75;898;0;0;0;0
"19/11/2025";"19:30:43";2024;2;"Eleição Ordinária";1;619;"Eleições Municipais 2024";"06/10/2024";"M";"RR";"03018";"BOA VISTA";3018;"BOA VISTA";5;13;"Vereador";"Partido isolado";15;"MDB";"Movimento Democrático Brasileiro";-1;"#NULO#";"#NULO#";"#NULO#";230001707849;"PARTIDO ISOLADO";"MDB";"N";688;0;688;10214;0;0;0;0
"19/11/2025";"19:30:43";2024;2;"Eleição Ordinária";1;619;"Eleições Municipais 2024";"06/10/2024";"M";"RR";"03123";"PACARAIMA";3123;"PACARAIMA";7;11;"Prefeito";"Coligação";12;"PDT";"Partido Democrático Trabalhista";-1;"#NULO#";"#NULO#";"#NULO#";230001728666;"Pacaraima. Rumo Novo, Junto com o Povo!";"PDT / UNIÃO";"N";0;0;0;1129;0;0;0;0
"19/11/2025";"19:30:43";2024;2;"Eleição Ordinária";1;619;"Eleições Municipais 2024";"06/10/2024";"M";"RR";"03107";"UIRAMUTÃ";3107;"UIRAMUTÃ";7;11;"Prefeito";"Federação";18;"REDE";"Rede Sustentabilidade";102;"Federação PSOL REDE";"PSOL/REDE";"PSOL / REDE";230001728449;"FEDERAÇÃO";"Federação PSOL REDE(PSOL/REDE)";"N";0;0;0;4214;0;0;0;0
"19/11/2025";"19:30:43";2024;2;"Eleição Ordinária";1;619;"Eleições Municipais 2024";"06/10/2024";"M";"RR";"03077";"BONFIM";3077;"BONFIM";5;11;"Prefeito";"Coligação";18;"REDE";"Rede Sustentabilidade";102;"Federação PSOL REDE";"PSOL/REDE";"PSOL / REDE";230001729737;"É TEMPO DE ESPERANÇA";"Federação PSOL REDE(PSOL/REDE) / PODE";"N";0;0;0;2325;0;0;0;0
"19/11/2025";"19:30:43";2024;2;"Eleição Ordinária";1;619;"Eleições Municipais 2024";"06/10/2024";"M";"RR";"03069";"CANTÁ";3069;"CANTÁ";5;13;"Vereador";"Partido isolado";15;"MDB";"Movimento Democrático Brasileiro";-1;"#NULO#";"#NULO#";"#NULO#";230001729873;"PARTIDO ISOLADO";"MDB";"N";12;0;12;653;0;0;0;0
"19/11/2025";"19:30:43";2024;2;"Eleição Ordinária";1;619;"Eleições Municipais 2024";"06/10/2024";"M";"RR";"03093";"MUCAJAÍ";3093;"MUCAJAÍ";6;13;"Vereador";"Partido isolado";55;"PSD";"Partido Social Democrático";-1;"#NULO#";"#NULO#";"#NULO#";230001726197;"PARTIDO ISOLADO";"PSD";"N";9;0;9;861;0;0;0;0
"19/11/2025";"19:30:43";2024;2;"Eleição Ordinária";1;619;"Eleições Municipais 2024";"06/10/2024";"M";"RR";"03018";"BOA VISTA";3018;"BOA VISTA";1;11;"Prefeito";"Coligação";15;"MDB";"Movimento Democrático Brasileiro";-1;"#NULO#";"#NULO#";"#NULO#";230001709380;"BOA VISTA PARA TODOS";"PL / MDB / DC / Federação PSDB CIDADANIA(PSDB/CIDADANIA)";"N";0;0;0;71844;0;0;0;0
"19/11/2025";"19:30:43";2024;2;"Eleição Ordinária";1;619;"Eleições Municipais 2024";"06/10/2024";"M";"RR";"03123";"PACARAIMA";3123;"PACARAIMA";7;13;"Vereador";"Partido isolado";10;"REPUBLICANOS";"REPUBLICANOS";-1;"#NULO#";"#NULO#";"#NULO#";230001728380;"PARTIDO ISOLADO";"REPUBLICANOS";"N";13;0;13;1836;0;0;0;0
"19/11/2025";"19:30:43";2024;2;"Eleição Ordinária";1;619;"Eleições Municipais 2024";"06/10/2024";"M";"RR";"03085";"RORAINÓPOLIS";3085;"RORAINÓPOLIS";8;13;"Vereador";"Partido isolado";28;"PRTB";"Partido Renovador Trabalhista Brasileiro";-1;"#NULO#";"#NULO#";"#NULO#";230001699821;"PARTIDO ISOLADO";"PRTB";"N";12;0;12;1238;0;0;0;0
"19/11/2025";"19:30:43";2024;2;"Eleição Ordinária";1;619;"Eleições Municipais 2024";"06/10/2024";"M";"RR";"03077";"BONFIM";3077;"BONFIM";5;13;"Vereador";"Partido isolado";20;"PODE";"Podemos";-1;"#NULO#";"#NULO#";"#NULO#";230001729857;"PARTIDO ISOLADO";"PODE";"N";4;0;4;305;0;0;0;0
"19/11/2025";"19:30:43";2024;2;"Eleição Ordinária";1;619;"Eleições Municipais 2024";"06/10/2024";"M";"RR";"03000";"CAROEBE";3000;"CAROEBE";4;11;"Prefeito";"Coligação";12;"PDT";"Partido Democrático Trabalhista";-1;"#NULO#";"#NULO#";"#NULO#";230001727811;"Pra Mudar Caroebe";"PDT / PSD";"N";0;0;0;2471;0;0;0;0
"19/11/2025";"19:30:43";2024;2;"Eleição Ordinária";1;619;"Eleições Municipais 2024";"06/10/2024";"M";"RR";"03050";"ALTO ALEGRE";3050;"ALTO ALEGRE";3;11;"Prefeito";"Coligação";10;"REPUBLICANOS";"REPUBLICANOS";-1;"#NULO#";"#NULO#";"#NULO#";230001734376;"AVANÇA ALTO ALEGRE";"PDT / PSD / REPUBLICANOS";"N";0;0;0;6983;0;0;0;0
"19/11/2025";"19:30:43";2024;2;"Eleição Ordinária";1;619;"Eleições Municipais 2024";"06/10/2024";"M";"RR";"03131";"SÃO JOÃO DA BALIZA";3131;"SÃO JOÃO DA BALIZA";4;13;"Vereador";"Partido isolado";20;"PODE";"Podemos";-1;"#NULO#";"#NULO#";"#NULO#";230001710283;"PARTIDO ISOLADO";"PODE";"N";5;0;5;802;0;0;0;0
"19/11/2025";"19:30:43";2024;2;"Eleição Ordinária";1;619;"Eleições Municipais 2024";"06/10/2024";"M";"RR";"03050";"ALTO ALEGRE";3050;"ALTO ALEGRE";3;13;"Vereador";"Federação";50;"PSOL";"Partido Socialismo e Liberdade";102;"Federação PSOL REDE";"PSOL/REDE";"PSOL / REDE";230001750681;"FEDERAÇÃO";"Federação PSOL REDE(PSOL/REDE)";"N";2;0;2;0;0;0;0;0
"19/11/2025";"19:30:43";2024;2;"Eleição Ordinária";1;619;"Eleições Municipais 2024";"06/10/2024";"M";"RR";"03158";"SÃO LUIZ";3158;"SÃO LUIZ";4;13;"Vereador";"Partido isolado";11;"PP";"PROGRESSISTAS";-1;"#NULO#";"#NULO#";"#NULO#";230001696566;"PARTIDO ISOLADO";"PP";"N";49;0;49;1822;0;0;0;323
"19/11/2025";"19:30:43";2024;2;"Eleição Ordinária";1;619;"Eleições Municipais 2024";"06/10/2024";"M";"RR";"03018";"BOA VISTA";3018;"BOA VISTA";1;13;"Vereador";"Federação";65;"PC do B";"Partido Comunista do Brasil";101;"Federação BRASIL DA ESPERANÇA - FE BRASIL";"PT/PC do B/PV";"PC do B / PT / PV";230001728297;"FEDERAÇÃO";"Federação BRASIL DA ESPERANÇA - FE BRASIL(PT/PC do B/PV)";"N";1;0;1;198;0;0;0;0
"19/11/2025";"19:30:43";2024;2;"Eleição Ordinária";1;619;"Eleições Municipais 2024";"06/10/2024";"M";"RR";"03115";"NORMANDIA";3115;"NORMANDIA";5;13;"Vereador";"Partido isolado";10;"REPUBLICANOS";"REPUBLICANOS";-1;"#NULO#";"#NULO#";"#NULO#";230001730010;"PARTIDO ISOLADO";"REPUBLICANOS";"N";14;0;14;2097;0;0;0;0
"19/11/2025";"19:30:43";2024;2;"Eleição Ordinária";1;619;"Eleições Municipais 2024";"06/10/2024";"M";"RR";"03085";"RORAINÓPOLIS";3085;"RORAINÓPOLIS";8;13;"Vereador";"Partido isolado";44;"UNIÃO";"União Brasil";-1;"#NULO#";"#NULO#";"#NULO#";230001726037;"PARTIDO ISOLADO";"UNIÃO";"N";18;0;18;737;0;0;0;0
"19/11/2025";"19:30:43";2024;2;"Eleição Ordinária";1;619;"Eleições Municipais 2024";"06/10/2024";"M";"RR";"03077";"BONFIM";3077;"BONFIM";5;13;"Vereador";"Federação";23;"CIDADANIA";"Cidadania";100;"Federação PSDB CIDADANIA";"PSDB/CIDADANIA";"CIDADANIA / PSDB";230001755518;"FEDERAÇÃO";"Federação PSDB CIDADANIA(PSDB/CIDADANIA)";"N";1;0;1;0;0;0;0;0
"19/11/2025";"19:30:43";2024;2;"Eleição Ordinária";1;619;"Eleições Municipais 2024";"06/10/2024";"M";"RR";"03085";"RORAINÓPOLIS";3085;"RORAINÓPOLIS";8;13;"Vereador";"Partido isolado";40;"PSB";"Partido Socialista Brasileiro";-1;"#NULO#";"#NULO#";"#NULO#";230001705933;"PARTIDO ISOLADO";"PSB";"N";24;0;24;2198;0;0;0;0
"19/11/2025";"19:30:43";2024;2;"Eleição Ordinária";1;619;"Eleições Municipais 2024";"06/10/2024";"M";"RR";"03042";"AMAJARI";3042;"AMAJARI";7;13;"Vereador";"Partido isolado";12;"PDT";"Partido Democrático Trabalhista";-1;"#NULO#";"#NULO#";"#NULO#";230001728440;"PARTIDO ISOLADO";"PDT";"N";16;0;16;1219;0;0;0;0
"19/11/2025";"19:30:43";2024;2;"Eleição Ordinária";1;619;"Eleições Municipais 2024";"06/10/2024";"M";"RR";"03026";"IRACEMA";3026;"IRACEMA";6;13;"Vereador";"Partido isolado";11;"PP";"PROGRESSISTAS";-1;"#NULO#";"#NULO#";"#NULO#";230001726098;"PARTIDO ISOLADO";"PP";"N";35;0;35;1040;0;0;0;0
"19/11/2025";"19:30:43";2024;2;"Eleição Ordinária";1;619;"Eleições Municipais 2024";"06/10/2024";"M";"RR";"03107";"UIRAMUTÃ";3107;"UIRAMUTÃ";7;13;"Vereador";"Partido isolado";15;"MDB";"Movimento Democrático Brasileiro";-1;"#NULO#";"#NULO#";"#NULO#";230001728503;"PARTIDO ISOLADO";"MDB";"N";15;0;15;233;0;0;0;0
"19/11/2025";"19:30:43";2024;2;"Eleição Ordinária";1;619;"Eleições Municipais 2024";"06/10/2024";"M";"RR";"03069";"CANTÁ";3069;"CANTÁ";5;13;"Vereador";"Partido isolado";44;"UNIÃO";"União Brasil";-1;"#NULO#";"#NULO#";"#NULO#";230001729940;"PARTIDO ISOLADO";"UNIÃO";"N";26;0;26;1787;0;0;0;0
"19/11/2025";"19:30:43";2024;2;"Eleição Ordinária";1;619;"Eleições Municipais 2024";"06/10/2024";"M";"RR";"03000";"CAROEBE";3000;"CAROEBE";4;13;"Vereador";"Partido isolado";12;"PDT";"Partido Democrático Trabalhista";-1;"#NULO#";"#NULO#";"#NULO#";230001745404;"PARTIDO ISOLADO";"PDT";"N";37;0;37;486;0;0;0;0
"19/11/2025";"19:30:43";2024;2;"Eleição Ordinária";1;619;"Eleições Municipais 2024";"06/10/2024";"M";"RR";"03077";"BONFIM";3077;"BONFIM";5;13;"Vereador";"Partido isolado";70;"AVANTE";"AVANTE";-1;"#NULO#";"#NULO#";"#NULO#";230001699705;"PARTIDO ISOLADO";"AVANTE";"N";23;0;23;2092;0;0;0;0
"19/11/2025";"19:30:43";2024;2;"Eleição Ordinária";1;619;"Eleições Municipais 2024";"06/10/2024";"M";"RR";"03158";"SÃO LUIZ";3158;"SÃO LUIZ";4;11;"Prefeito";"Coligação";20;"PODE";"Podemos";-1;"#NULO#";"#NULO#";"#NULO#";230001707080;"UNIDOS POR SÃO LUIZ";"PODE / PDT / MDB";"N";0;0;0;2094;0;0;0;0
"19/11/2025";"19:30:43";2024;2;"Eleição Ordinária";1;619;"Eleições Municipais 2024";"06/10/2024";"M";"RR";"03069";"CANTÁ";3069;"CANTÁ";5;11;"Prefeito";"Coligação";11;"PP";"PROGRESSISTAS";-1;"#NULO#";"#NULO#";"#NULO#";230001729879;"PRA CIMA CANTÁ!";"PP / REPUBLICANOS / PSD / UNIÃO";"N";0;0;0;7433;0;0;0;0
"19/11/2025";"19:30:43";2024;2;"Eleição Ordinária";1;619;"Eleições Municipais 2024";"06/10/2024";"M";"RR";"03034";"CARACARAÍ";3034;"CARACARAÍ";2;11;"Prefeito";"Coligação";15;"MDB";"Movimento Democrático Brasileiro";-1;"#NULO#";"#NULO#";"#NULO#";230001746531;"EXPERIÊNCIA E MUDANÇA";"MDB / PL";"N";0;0;0;510;0;0;0;0
"19/11/2025";"19:30:43";2024;2;"Eleição Ordinária";1;619;"Eleições Municipais 2024";"06/10/2024";"M";"RR";"03018";"BOA VISTA";3018;"BOA VISTA";5;11;"Prefeito";"Federação";50;"PSOL";"Partido Socialismo e Liberdade";102;"Federação PSOL REDE";"PSOL/REDE";"PSOL / REDE";230001729951;"FEDERAÇÃO";"Federação PSOL REDE(PSOL/REDE)";"N";0;0;0;443;0;0;0;0
"19/11/2025";"19:30:43";2024;2;"Eleição Ordinária";1;619;"Eleições Municipais 2024";"06/10/2024";"M";"RR";"03107";"UIRAMUTÃ";3107;"UIRAMUTÃ";7;13;"Vereador";"Partido isolado";10;"REPUBLICANOS";"REPUBLICANOS";-1;"#NULO#";"#NULO#";"#NULO#";230001728399;"PARTIDO ISOLADO";"REPUBLICANOS";"N";27;0;27;1467;0;0;0;0
"19/11/2025";"19:30:43";2024;2;"Eleição Ordinária";1;619;"Eleições Municipais 2024";"06/10/2024";"M";"RR";"03018";"BOA VISTA";3018;"BOA VISTA";5;11;"Prefeito";"Coligação";15;"MDB";"Movimento Democrático Brasileiro";-1;"#NULO#";"#NULO#";"#NULO#";230001709380;"BOA VISTA PARA TODOS";"PL / MDB / DC / Federação PSDB CIDADANIA(PSDB/CIDADANIA)";"N";0;0;0;61336;0;0;0;0
"19/11/2025";"19:30:43";2024;2;"Eleição Ordinária";1;619;"Eleições Municipais 2024";"06/10/2024";"M";"RR";"03018";"BOA VISTA";3018;"BOA VISTA";1;11;"Prefeito";"Federação";43;"PV";"Partido Verde";101;"Federação BRASIL DA ESPERANÇA - FE BRASIL";"PT/PC do B/PV";"PC do B / PT / PV";230001755510;"FEDERAÇÃO";"Federação BRASIL DA ESPERANÇA - FE BRASIL(PT/PC do B/PV)";"N";0;0;0;1383;0;0;0;0
"19/11/2025";"19:30:43";2024;2;"Eleição Ordinária";1;619;"Eleições Municipais 2024";"06/10/2024";"M";"RR";"03085";"RORAINÓPOLIS";3085;"RORAINÓPOLIS";8;13;"Vereador";"Partido isolado";12;"PDT";"Partido Democrático Trabalhista";-1;"#NULO#";"#NULO#";"#NULO#";230001725968;"PARTIDO ISOLADO";"PDT";"N";50;0;50;2339;0;0;0;0
"19/11/2025";"19:30:43";2024;2;"Eleição Ordinária";1;619;"Eleições Municipais 2024";"06/10/2024";"M";"RR";"03034";"CARACARAÍ";3034;"CARACARAÍ";2;11;"Prefeito";"Partido isolado";30;"NOVO";"Partido Novo";-1;"#NULO#";"#NULO#";"#NULO#";230001726537;"PARTIDO ISOLADO";"NOVO";"N";0;0;0;116;0;0;0;0
"19/11/2025";"19:30:43";2024;2;"Eleição Ordinária";1;619;"Eleições Municipais 2024";"06/10/2024";"M";"RR";"03085";"RORAINÓPOLIS";3085;"RORAINÓPOLIS";8;11;"Prefeito";"Coligação";20;"PODE";"Podemos";-1;"#NULO#";"#NULO#";"#NULO#";230001707352;"RORAINÓPOLIS PRECISA DE VOCÊ";"MDB / PODE / PSB / UNIÃO";"N";0;0;0;7643;0;0;0;0
"19/11/2025";"19:30:43";2024;2;"Eleição Ordinária";1;619;"Eleições Municipais 2024";"06/10/2024";"M";"RR";"03018";"BOA VISTA";3018;"BOA VISTA";1;13;"Vereador";"Partido isolado";11;"PP";"PROGRESSISTAS";-1;"#NULO#";"#NULO#";"#NULO#";230001729618;"PARTIDO ISOLADO";"PP";"N";99;0;99;12531;0;0;0;0
"19/11/2025";"19:30:43";2024;2;"Eleição Ordinária";1;619;"Eleições Municipais 2024";"06/10/2024";"M";"RR";"03018";"BOA VISTA";3018;"BOA VISTA";5;13;"Vereador";"Partido isolado";10;"REPUBLICANOS";"REPUBLICANOS";-1;"#NULO#";"#NULO#";"#NULO#";230001729830;"PARTIDO ISOLADO";"REPUBLICANOS";"N";101;0;101;12007;0;36;0;0
"19/11/2025";"19:30:43";2024;2;"Eleição Ordinária";1;619;"Eleições Municipais 2024";"06/10/2024";"M";"RR";"03131";"SÃO JOÃO DA BALIZA";3131;"SÃO JOÃO DA BALIZA";4;13;"Vereador";"Partido isolado";11;"PP";"PROGRESSISTAS";-1;"#NULO#";"#NULO#";"#NULO#";230001700056;"PARTIDO ISOLADO";"PP";"N";51;0;51;1404;0;0;0;0
"19/11/2025";"19:30:43";2024;2;"Eleição Ordinária";1;619;"Eleições Municipais 2024";"06/10/2024";"M";"RR";"03018";"BOA VISTA";3018;"BOA VISTA";1;13;"Vereador";"Partido isolado";15;"MDB";"Movimento Democrático Brasileiro";-1;"#NULO#";"#NULO#";"#NULO#";230001707849;"PARTIDO ISOLADO";"MDB";"N";800;0;800;13740;0;0;0;0
"19/11/2025";"19:30:43";2024;2;"Eleição Ordinária";1;619;"Eleições Municipais 2024";"06/10/2024";"M";"RR";"03085";"RORAINÓPOLIS";3085;"RORAINÓPOLIS";8;13;"Vereador";"Partido isolado";22;"PL";"Partido Liberal";-1;"#NULO#";"#NULO#";"#NULO#";230001745312;"PARTIDO ISOLADO";"PL";"N";21;0;21;604;0;0;0;0
"19/11/2025";"19:30:43";2024;2;"Eleição Ordinária";1;619;"Eleições Municipais 2024";"06/10/2024";"M";"RR";"03158";"SÃO LUIZ";3158;"SÃO LUIZ";4;13;"Vereador";"Partido isolado";22;"PL";"Partido Liberal";-1;"#NULO#";"#NULO#";"#NULO#";230001710394;"PARTIDO ISOLADO";"PL";"N";7;0;7;685;0;0;0;0
"19/11/2025";"19:30:43";2024;2;"Eleição Ordinária";1;619;"Eleições Municipais 2024";"06/10/2024";"M";"RR";"03077";"BONFIM";3077;"BONFIM";5;13;"Vereador";"Federação";45;"PSDB";"Partido da Social Democracia Brasileira";100;"Federação PSDB CIDADANIA";"PSDB/CIDADANIA";"CIDADANIA / PSDB";230001755518;"FEDERAÇÃO";"Federação PSDB CIDADANIA(PSDB/CIDADANIA)";"N";32;0;32;517;0;0;0;0
"19/11/2025";"19:30:43";2024;2;"Eleição Ordinária";1;619;"Eleições Municipais 2024";"06/10/2024";"M";"RR";"03018";"BOA VISTA";3018;"BOA VISTA";5;13;"Vereador";"Partido isolado";20;"PODE";"Podemos";-1;"#NULO#";"#NULO#";"#NULO#";230001704694;"PARTIDO ISOLADO";"PODE";"N";78;0;78;9093;0;0;0;0
"19/11/2025";"19:30:43";2024;2;"Eleição Ordinária";1;619;"Eleições Municipais 2024";"06/10/2024";"M";"RR";"03018";"BOA VISTA";3018;"BOA VISTA";5;13;"Vereador";"Federação";18;"REDE";"Rede Sustentabilidade";102;"Federação PSOL REDE";"PSOL/REDE";"PSOL / REDE";230001737187;"FEDERAÇÃO";"Federação PSOL REDE(PSOL/REDE)";"N";8;0;8;657;0;0;0;0
"19/11/2025";"19:30:43";2024;2;"Eleição Ordinária";1;619;"Eleições Municipais 2024";"06/10/2024";"M";"RR";"03069";"CANTÁ";3069;"CANTÁ";5;13;"Vereador";"Federação";43;"PV";"Partido Verde";101;"Federação BRASIL DA ESPERANÇA - FE BRASIL";"PT/PC do B/PV";"PC do B / PT / PV";230001741443;"FEDERAÇÃO";"Federação BRASIL DA ESPERANÇA - FE BRASIL(PT/PC do B/PV)";"N";4;0;4;46;0;0;0;0
"19/11/2025";"19:30:43";2024;2;"Eleição Ordinária";1;619;"Eleições Municipais 2024";"06/10/2024";"M";"RR";"03077";"BONFIM";3077;"BONFIM";5;11;"Prefeito";"Coligação";45;"PSDB";"Partido da Social Democracia Brasileira";100;"Federação PSDB CIDADANIA";"PSDB/CIDADANIA";"CIDADANIA / PSDB";230001755524;"Bonfim para todos";"Federação PSDB CIDADANIA(PSDB/CIDADANIA) / MDB / PL / NOVO";"N";0;0;0;1822;0;0;0;0
"19/11/2025";"19:30:43";2024;2;"Eleição Ordinária";1;619;"Eleições Municipais 2024";"06/10/2024";"M";"RR";"03107";"UIRAMUTÃ";3107;"UIRAMUTÃ";7;13;"Vereador";"Partido isolado";11;"PP";"PROGRESSISTAS";-1;"#NULO#";"#NULO#";"#NULO#";230001743417;"PARTIDO ISOLADO";"PP";"N";38;0;38;1161;0;0;0;0
"19/11/2025";"19:30:43";2024;2;"Eleição Ordinária";1;619;"Eleições Municipais 2024";"06/10/2024";"M";"RR";"03077";"BONFIM";3077;"BONFIM";5;13;"Vereador";"Partido isolado";15;"MDB";"Movimento Democrático Brasileiro";-1;"#NULO#";"#NULO#";"#NULO#";230001761878;"PARTIDO ISOLADO";"MDB";"N";10;0;10;526;0;0;0;0
"19/11/2025";"19:30:43";2024;2;"Eleição Ordinária";1;619;"Eleições Municipais 2024";"06/10/2024";"M";"RR";"03018";"BOA VISTA";3018;"BOA VISTA";1;13;"Vereador";"Partido isolado";30;"NOVO";"Partido Novo";-1;"#NULO#";"#NULO#";"#NULO#";230001727478;"PARTIDO ISOLADO";"NOVO";"N";42;0;42;2420;0;325;0;0
"19/11/2025";"19:30:43";2024;2;"Eleição Ordinária";1;619;"Eleições Municipais 2024";"06/10/2024";"M";"RR";"03042";"AMAJARI";3042;"AMAJARI";7;11;"Prefeito";"Coligação";30;"NOVO";"Partido Novo";-1;"#NULO#";"#NULO#";"#NULO#";230001728690;"LIBERTA AMAJARI - A VERDADEIRA MUDANÇA";"NOVO / PL";"N";0;0;0;333;0;0;0;0
"19/11/2025";"19:30:43";2024;2;"Eleição Ordinária";1;619;"Eleições Municipais 2024";"06/10/2024";"M";"RR";"03018";"BOA VISTA";3018;"BOA VISTA";1;13;"Vereador";"Partido isolado";27;"DC";"Democracia Cristã";-1;"#NULO#";"#NULO#";"#NULO#";230001704561;"PARTIDO ISOLADO";"DC";"N";25;0;25;7100;0;0;0;0
"19/11/2025";"19:30:43";2024;2;"Eleição Ordinária";1;619;"Eleições Municipais 2024";"06/10/2024";"M";"RR";"03093";"MUCAJAÍ";3093;"MUCAJAÍ";6;13;"Vereador";"Partido isolado";15;"MDB";"Movimento Democrático Brasileiro";-1;"#NULO#";"#NULO#";"#NULO#";230001699991;"PARTIDO ISOLADO";"MDB";"N";16;0;16;2052;0;0;0;0
"19/11/2025";"19:30:43";2024;2;"Eleição Ordinária";1;619;"Eleições Municipais 2024";"06/10/2024";"M";"RR";"03069";"CANTÁ";3069;"CANTÁ";5;13;"Vereador";"Federação";45;"PSDB";"Partido da Social Democracia Brasileira";100;"Federação PSDB CIDADANIA";"PSDB/CIDADANIA";"CIDADANIA / PSDB";230001737289;"FEDERAÇÃO";"Federação PSDB CIDADANIA(PSDB/CIDADANIA)";"N";60;0;60;1750;0;0;0;0
"19/11/2025";"19:30:43";2024;2;"Eleição Ordinária";1;619;"Eleições Municipais 2024";"06/10/2024";"M";"RR";"03018";"BOA VISTA";3018;"BOA VISTA";5;11;"Prefeito";"Federação";43;"PV";"Partido Verde";101;"Federação BRASIL DA ESPERANÇA - FE BRASIL";"PT/PC do B/PV";"PC do B / PT / PV";230001755510;"FEDERAÇÃO";"Federação BRASIL DA ESPERANÇA - FE BRASIL(PT/PC do B/PV)";"N";0;0;0;683;0;0;0;0
"19/11/2025";"19:30:43";2024;2;"Eleição Ordinária";1;619;"Eleições Municipais 2024";"06/10/2024";"M";"RR";"03131";"SÃO JOÃO DA BALIZA";3131;"SÃO JOÃO DA BALIZA";4;13;"Vereador";"Partido isolado";10;"REPUBLICANOS";"REPUBLICANOS";-1;"#NULO#";"#NULO#";"#NULO#";230001700025;"PARTIDO ISOLADO";"REPUBLICANOS";"N";12;0;12;1477;0;0;0;0
"19/11/2025";"19:30:43";2024;2;"Eleição Ordinária";1;619;"Eleições Municipais 2024";"06/10/2024";"M";"RR";"03026";"IRACEMA";3026;"IRACEMA";6;13;"Vereador";"Partido isolado";10;"REPUBLICANOS";"REPUBLICANOS";-1;"#NULO#";"#NULO#";"#NULO#";230001703513;"PARTIDO ISOLADO";"REPUBLICANOS";"N";46;0;46;1733;0;0;0;0
"19/11/2025";"19:30:43";2024;2;"Eleição Ordinária";1;619;"Eleições Municipais 2024";"06/10/2024";"M";"RR";"03085";"RORAINÓPOLIS";3085;"RORAINÓPOLIS";8;13;"Vereador";"Partido isolado";15;"MDB";"Movimento Democrático Brasileiro";-1;"#NULO#";"#NULO#";"#NULO#";230001726013;"PARTIDO ISOLADO";"MDB";"N";30;0;30;2542;0;0;0;0
"19/11/2025";"19:30:43";2024;2;"Eleição Ordinária";1;619;"Eleições Municipais 2024";"06/10/2024";"M";"RR";"03042";"AMAJARI";3042;"AMAJARI";7;11;"Prefeito";"Coligação";11;"PP";"PROGRESSISTAS";-1;"#NULO#";"#NULO#";"#NULO#";230001728442;"Amajari Para Todos";"PP / REPUBLICANOS / Federação PSDB CIDADANIA(PSDB/CIDADANIA)";"N";0;0;0;3127;0;0;0;0
"19/11/2025";"19:30:43";2024;2;"Eleição Ordinária";1;619;"Eleições Municipais 2024";"06/10/2024";"M";"RR";"03069";"CANTÁ";3069;"CANTÁ";5;13;"Vereador";"Partido isolado";20;"PODE";"Podemos";-1;"#NULO#";"#NULO#";"#NULO#";230001730008;"PARTIDO ISOLADO";"PODE";"N";4;0;4;155;0;0;0;0
"19/11/2025";"19:30:43";2024;2;"Eleição Ordinária";1;619;"Eleições Municipais 2024";"06/10/2024";"M";"RR";"03069";"CANTÁ";3069;"CANTÁ";5;13;"Vereador";"Partido isolado";25;"PRD";"Partido Renovação Democrática";-1;"#NULO#";"#NULO#";"#NULO#";230001761485;"PARTIDO ISOLADO";"PRD";"N";8;0;8;438;0;0;0;0
"19/11/2025";"19:30:43";2024;2;"Eleição Ordinária";1;619;"Eleições Municipais 2024";"06/10/2024";"M";"RR";"03115";"NORMANDIA";3115;"NORMANDIA";5;13;"Vereador";"Federação";50;"PSOL";"Partido Socialismo e Liberdade";102;"Federação PSOL REDE";"PSOL/REDE";"PSOL / REDE";230001745775;"FEDERAÇÃO";"Federação PSOL REDE(PSOL/REDE)";"N";2;0;2;27;0;0;0;0
"19/11/2025";"19:30:43";2024;2;"Eleição Ordinária";1;619;"Eleições Municipais 2024";"06/10/2024";"M";"RR";"03018";"BOA VISTA";3018;"BOA VISTA";1;13;"Vereador";"Federação";13;"PT";"Partido dos Trabalhadores";101;"Federação BRASIL DA ESPERANÇA - FE BRASIL";"PT/PC do B/PV";"PC do B / PT / PV";230001728297;"FEDERAÇÃO";"Federação BRASIL DA ESPERANÇA - FE BRASIL(PT/PC do B/PV)";"N";71;0;71;417;0;0;0;0
"19/11/2025";"19:30:43";2024;2;"Eleição Ordinária";1;619;"Eleições Municipais 2024";"06/10/2024";"M";"RR";"03018";"BOA VISTA";3018;"BOA VISTA";1;13;"Vereador";"Federação";43;"PV";"Partido Verde";101;"Federação BRASIL DA ESPERANÇA - FE BRASIL";"PT/PC do B/PV";"PC do B / PT / PV";230001728297;"FEDERAÇÃO";"Federação BRASIL DA ESPERANÇA - FE BRASIL(PT/PC do B/PV)";"N";29;0;29;330;0;0;0;0
"19/11/2025";"19:30:43";2024;2;"Eleição Ordinária";1;619;"Eleições Municipais 2024";"06/10/2024";"M";"RR";"03107";"UIRAMUTÃ";3107;"UIRAMUTÃ";7;13;"Vereador";"Federação";43;"PV";"Partido Verde";101;"Federação BRASIL DA ESPERANÇA - FE BRASIL";"PT/PC do B/PV";"PC do B / PT / PV";230001728327;"FEDERAÇÃO";"Federação BRASIL DA ESPERANÇA - FE BRASIL(PT/PC do B/PV)";"N";11;0;11;533;0;160;0;0
"19/11/2025";"19:30:43";2024;2;"Eleição Ordinária";1;619;"Eleições Municipais 2024";"06/10/2024";"M";"RR";"03050";"ALTO ALEGRE";3050;"ALTO ALEGRE";3;13;"Vereador";"Partido isolado";20;"PODE";"Podemos";-1;"#NULO#";"#NULO#";"#NULO#";230001736619;"PARTIDO ISOLADO";"PODE";"N";18;0;18;1909;0;0;0;0
"19/11/2025";"19:30:43";2024;2;"Eleição Ordinária";1;619;"Eleições Municipais 2024";"06/10/2024";"M";"RR";"03000";"CAROEBE";3000;"CAROEBE";4;11;"Prefeito";"Coligação";10;"REPUBLICANOS";"REPUBLICANOS";-1;"#NULO#";"#NULO#";"#NULO#";230001706051;"CAROEBE AVANÇA";"REPUBLICANOS / PP / PL";"N";0;0;0;3756;0;0;0;0
"19/11/2025";"19:30:43";2024;2;"Eleição Ordinária";1;619;"Eleições Municipais 2024";"06/10/2024";"M";"RR";"03026";"IRACEMA";3026;"IRACEMA";6;11;"Prefeito";"Coligação";10;"REPUBLICANOS";"REPUBLICANOS";-1;"#NULO#";"#NULO#";"#NULO#";230001705533;"O TRABALHO NÃO PODE  PARAR";"REPUBLICANOS / PDT / PL / UNIÃO";"N";0;0;0;3677;0;0;0;0
"19/11/2025";"19:30:43";2024;2;"Eleição Ordinária";1;619;"Eleições Municipais 2024";"06/10/2024";"M";"RR";"03018";"BOA VISTA";3018;"BOA VISTA";5;13;"Vereador";"Partido isolado";27;"DC";"Democracia Cristã";-1;"#NULO#";"#NULO#";"#NULO#";230001704561;"PARTIDO ISOLADO";"DC";"N";44;0;44;8295;0;0;0;0
"19/11/2025";"19:30:43";2024;2;"Eleição Ordinária";1;619;"Eleições Municipais 2024";"06/10/2024";"M";"RR";"03018";"BOA VISTA";3018;"BOA VISTA";5;13;"Vereador";"Partido isolado";11;"PP";"PROGRESSISTAS";-1;"#NULO#";"#NULO#";"#NULO#";230001729618;"PARTIDO ISOLADO";"PP";"N";109;0;109;9296;0;0;0;0
"19/11/2025";"19:30:43";2024;2;"Eleição Ordinária";1;619;"Eleições Municipais 2024";"06/10/2024";"M";"RR";"03018";"BOA VISTA";3018;"BOA VISTA";1;13;"Vereador";"Partido isolado";10;"REPUBLICANOS";"REPUBLICANOS";-1;"#NULO#";"#NULO#";"#NULO#";230001729830;"PARTIDO ISOLADO";"REPUBLICANOS";"N";116;0;116;15359;0;96;0;0
"19/11/2025";"19:30:43";2024;2;"Eleição Ordinária";1;619;"Eleições Municipais 2024";"06/10/2024";"M";"RR";"03077";"BONFIM";3077;"BONFIM";5;13;"Vereador";"Partido isolado";55;"PSD";"Partido Social Democrático";-1;"#NULO#";"#NULO#";"#NULO#";230001699722;"PARTIDO ISOLADO";"PSD";"N";22;0;22;2388;0;0;0;0
"19/11/2025";"19:30:43";2024;2;"Eleição Ordinária";1;619;"Eleições Municipais 2024";"06/10/2024";"M";"RR";"03093";"MUCAJAÍ";3093;"MUCAJAÍ";6;11;"Prefeito";"Coligação";10;"REPUBLICANOS";"REPUBLICANOS";-1;"#NULO#";"#NULO#";"#NULO#";230001745958;"Por uma Renovação em Mucajaí";"REPUBLICANOS / PSD / PP";"N";0;0;0;6199;0;0;0;0
"19/11/2025";"19:30:43";2024;2;"Eleição Ordinária";1;619;"Eleições Municipais 2024";"06/10/2024";"M";"RR";"03026";"IRACEMA";3026;"IRACEMA";6;11;"Prefeito";"Coligação";11;"PP";"PROGRESSISTAS";-1;"#NULO#";"#NULO#";"#NULO#";230001705028;"JUNTOS FAREMOS MAIS POR IRACEMA";"PP / Federação PSDB CIDADANIA(PSDB/CIDADANIA)";"N";0;0;0;3379;0;0;0;0
"19/11/2025";"19:30:43";2024;2;"Eleição Ordinária";1;619;"Eleições Municipais 2024";"06/10/2024";"M";"RR";"03050";"ALTO ALEGRE";3050;"ALTO ALEGRE";3;13;"Vereador";"Partido isolado";11;"PP";"PROGRESSISTAS";-1;"#NULO#";"#NULO#";"#NULO#";230001742183;"PARTIDO ISOLADO";"PP";"N";70;0;70;7;0;0;0;0
"19/11/2025";"19:30:43";2024;2;"Eleição Ordinária";1;619;"Eleições Municipais 2024";"06/10/2024";"M";"RR";"03018";"BOA VISTA";3018;"BOA VISTA";5;13;"Vereador";"Federação";45;"PSDB";"Partido da Social Democracia Brasileira";100;"Federação PSDB CIDADANIA";"PSDB/CIDADANIA";"CIDADANIA / PSDB";230001750164;"FEDERAÇÃO";"Federação PSDB CIDADANIA(PSDB/CIDADANIA)";"N";29;0;29;1827;0;0;0;0
"19/11/2025";"19:30:43";2024;2;"Eleição Ordinária";1;619;"Eleições Municipais 2024";"06/10/2024";"M";"RR";"03034";"CARACARAÍ";3034;"CARACARAÍ";2;13;"Vereador";"Federação";23;"CIDADANIA";"Cidadania";100;"Federação PSDB CIDADANIA";"PSDB/CIDADANIA";"CIDADANIA / PSDB";230001738200;"FEDERAÇÃO";"Federação PSDB CIDADANIA(PSDB/CIDADANIA)";"N";2;0;2;0;0;0;0;0
"19/11/2025";"19:30:43";2024;2;"Eleição Ordinária";1;619;"Eleições Municipais 2024";"06/10/2024";"M";"RR";"03093";"MUCAJAÍ";3093;"MUCAJAÍ";6;13;"Vereador";"Partido isolado";77;"SOLIDARIEDADE";"Solidariedade";-1;"#NULO#";"#NULO#";"#NULO#";230001714362;"PARTIDO ISOLADO";"SOLIDARIEDADE";"N";64;0;64;1905;0;0;0;0
"19/11/2025";"19:30:43";2024;2;"Eleição Ordinária";1;619;"Eleições Municipais 2024";"06/10/2024";"M";"RR";"03077";"BONFIM";3077;"BONFIM";5;11;"Prefeito";"Coligação";10;"REPUBLICANOS";"REPUBLICANOS";-1;"#NULO#";"#NULO#";"#NULO#";230001698404;"O TRABALHO CONTINUA.";"REPUBLICANOS / PP / PSD / AVANTE";"N";0;0;0;5243;0;0;0;0
"19/11/2025";"19:30:43";2024;2;"Eleição Ordinária";1;619;"Eleições Municipais 2024";"06/10/2024";"M";"RR";"03042";"AMAJARI";3042;"AMAJARI";7;13;"Vereador";"Partido isolado";11;"PP";"PROGRESSISTAS";-1;"#NULO#";"#NULO#";"#NULO#";230001728505;"PARTIDO ISOLADO";"PP";"N";48;0;48;2115;0;0;0;0
"19/11/2025";"19:30:43";2024;2;"Eleição Ordinária";1;619;"Eleições Municipais 2024";"06/10/2024";"M";"RR";"03123";"PACARAIMA";3123;"PACARAIMA";7;13;"Vereador";"Partido isolado";55;"PSD";"Partido Social Democrático";-1;"#NULO#";"#NULO#";"#NULO#";230001728486;"PARTIDO ISOLADO";"PSD";"N";7;0;7;1384;0;0;0;0
"19/11/2025";"19:30:43";2024;2;"Eleição Ordinária";1;619;"Eleições Municipais 2024";"06/10/2024";"M";"RR";"03123";"PACARAIMA";3123;"PACARAIMA";7;13;"Vereador";"Partido isolado";44;"UNIÃO";"União Brasil";-1;"#NULO#";"#NULO#";"#NULO#";230001728629;"PARTIDO ISOLADO";"UNIÃO";"N";4;0;4;159;0;0;0;0
"19/11/2025";"19:30:43";2024;2;"Eleição Ordinária";1;619;"Eleições Municipais 2024";"06/10/2024";"M";"RR";"03115";"NORMANDIA";3115;"NORMANDIA";5;13;"Vereador";"Partido isolado";12;"PDT";"Partido Democrático Trabalhista";-1;"#NULO#";"#NULO#";"#NULO#";230001695161;"PARTIDO ISOLADO";"PDT";"N";15;0;15;520;0;0;0;0
"19/11/2025";"19:30:43";2024;2;"Eleição Ordinária";1;619;"Eleições Municipais 2024";"06/10/2024";"M";"RR";"03018";"BOA VISTA";3018;"BOA VISTA";5;13;"Vereador";"Federação";65;"PC do B";"Partido Comunista do Brasil";101;"Federação BRASIL DA ESPERANÇA - FE BRASIL";"PT/PC do B/PV";"PC do B / PT / PV";230001728297;"FEDERAÇÃO";"Federação BRASIL DA ESPERANÇA - FE BRASIL(PT/PC do B/PV)";"N";4;0;4;81;0;0;0;0
"19/11/2025";"19:30:43";2024;2;"Eleição Ordinária";1;619;"Eleições Municipais 2024";"06/10/2024";"M";"RR";"03034";"CARACARAÍ";3034;"CARACARAÍ";2;13;"Vereador";"Partido isolado";12;"PDT";"Partido Democrático Trabalhista";-1;"#NULO#";"#NULO#";"#NULO#";230001728875;"PARTIDO ISOLADO";"PDT";"N";32;0;32;1179;0;0;0;0
"19/11/2025";"19:30:43";2024;2;"Eleição Ordinária";1;619;"Eleições Municipais 2024";"06/10/2024";"M";"RR";"03077";"BONFIM";3077;"BONFIM";5;13;"Vereador";"Partido isolado";22;"PL";"Partido Liberal";-1;"#NULO#";"#NULO#";"#NULO#";230001750144;"PARTIDO ISOLADO";"PL";"N";9;0;9;70;0;0;0;0
"19/11/2025";"19:30:43";2024;2;"Eleição Ordinária";1;619;"Eleições Municipais 2024";"06/10/2024";"M";"RR";"03123";"PACARAIMA";3123;"PACARAIMA";7;11;"Prefeito";"Coligação";20;"PODE";"Podemos";-1;"#NULO#";"#NULO#";"#NULO#";230001746261;"COM A FORÇA DO POVO PARA FAZER O NOVO";"PODE / PRD";"N";0;0;0;3028;0;0;0;0
"19/11/2025";"19:30:43";2024;2;"Eleição Ordinária";1;619;"Eleições Municipais 2024";"06/10/2024";"M";"RR";"03050";"ALTO ALEGRE";3050;"ALTO ALEGRE";3;11;"Prefeito";"Partido isolado";22;"PL";"Partido Liberal";-1;"#NULO#";"#NULO#";"#NULO#";230001715989;"PARTIDO ISOLADO";"PL";"N";0;0;0;204;0;0;0;0
"19/11/2025";"19:30:43";2024;2;"Eleição Ordinária";1;619;"Eleições Municipais 2024";"06/10/2024";"M";"RR";"03107";"UIRAMUTÃ";3107;"UIRAMUTÃ";7;13;"Vereador";"Federação";45;"PSDB";"Partido da Social Democracia Brasileira";100;"Federação PSDB CIDADANIA";"PSDB/CIDADANIA";"CIDADANIA / PSDB";230001737434;"FEDERAÇÃO";"Federação PSDB CIDADANIA(PSDB/CIDADANIA)";"N";8;0;8;313;0;0;0;0
"19/11/2025";"19:30:43";2024;2;"Eleição Ordinária";1;619;"Eleições Municipais 2024";"06/10/2024";"M";"RR";"03018";"BOA VISTA";3018;"BOA VISTA";5;13;"Vereador";"Partido isolado";22;"PL";"Partido Liberal";-1;"#NULO#";"#NULO#";"#NULO#";230001712759;"PARTIDO ISOLADO";"PL";"N";46;0;46;2246;0;0;0;0
"19/11/2025";"19:30:43";2024;2;"Eleição Ordinária";1;619;"Eleições Municipais 2024";"06/10/2024";"M";"RR";"03018";"BOA VISTA";3018;"BOA VISTA";5;13;"Vereador";"Partido isolado";30;"NOVO";"Partido Novo";-1;"#NULO#";"#NULO#";"#NULO#";230001727478;"PARTIDO ISOLADO";"NOVO";"N";23;0;23;1666;0;582;0;0
"19/11/2025";"19:30:43";2024;2;"Eleição Ordinária";1;619;"Eleições Municipais 2024";"06/10/2024";"M";"RR";"03034";"CARACARAÍ";3034;"CARACARAÍ";2;11;"Prefeito";"Coligação";11;"PP";"PROGRESSISTAS";-1;"#NULO#";"#NULO#";"#NULO#";230001743572;"UNIDOS POR VOCÊ";"PP / REPUBLICANOS / PODE";"N";0;0;0;5943;0;0;0;0
"19/11/2025";"19:30:43";2024;2;"Eleição Ordinária";1;619;"Eleições Municipais 2024";"06/10/2024";"M";"RR";"03000";"CAROEBE";3000;"CAROEBE";4;13;"Vereador";"Partido isolado";10;"REPUBLICANOS";"REPUBLICANOS";-1;"#NULO#";"#NULO#";"#NULO#";230001699986;"PARTIDO ISOLADO";"REPUBLICANOS";"N";43;0;43;2338;0;0;0;0
"19/11/2025";"19:30:43";2024;2;"Eleição Ordinária";1;619;"Eleições Municipais 2024";"06/10/2024";"M";"RR";"03042";"AMAJARI";3042;"AMAJARI";7;13;"Vereador";"Partido isolado";30;"NOVO";"Partido Novo";-1;"#NULO#";"#NULO#";"#NULO#";230001738128;"PARTIDO ISOLADO";"NOVO";"N";6;0;6;133;0;0;0;0
"19/11/2025";"19:30:43";2024;2;"Eleição Ordinária";1;619;"Eleições Municipais 2024";"06/10/2024";"M";"RR";"03131";"SÃO JOÃO DA BALIZA";3131;"SÃO JOÃO DA BALIZA";4;11;"Prefeito";"Federação";50;"PSOL";"Partido Socialismo e Liberdade";102;"Federação PSOL REDE";"PSOL/REDE";"PSOL / REDE";230001736936;"FEDERAÇÃO";"Federação PSOL REDE(PSOL/REDE)";"N";0;0;0;157;0;0;0;0
"19/11/2025";"19:30:43";2024;2;"Eleição Ordinária";1;619;"Eleições Municipais 2024";"06/10/2024";"M";"RR";"03042";"AMAJARI";3042;"AMAJARI";7;13;"Vereador";"Federação";23;"CIDADANIA";"Cidadania";100;"Federação PSDB CIDADANIA";"PSDB/CIDADANIA";"CIDADANIA / PSDB";230001743445;"FEDERAÇÃO";"Federação PSDB CIDADANIA(PSDB/CIDADANIA)";"N";5;0;5;429;0;0;0;0
"19/11/2025";"19:30:43";2024;2;"Eleição Ordinária";1;619;"Eleições Municipais 2024";"06/10/2024";"M";"RR";"03018";"BOA VISTA";3018;"BOA VISTA";1;13;"Vereador";"Federação";18;"REDE";"Rede Sustentabilidade";102;"Federação PSOL REDE";"PSOL/REDE";"PSOL / REDE";230001737187;"FEDERAÇÃO";"Federação PSOL REDE(PSOL/REDE)";"N";20;0;20;1311;0;0;0;0
"19/11/2025";"19:30:43";2024;2;"Eleição Ordinária";1;619;"Eleições Municipais 2024";"06/10/2024";"M";"RR";"03115";"NORMANDIA";3115;"NORMANDIA";5;13;"Vereador";"Federação";23;"CIDADANIA";"Cidadania";100;"Federação PSDB CIDADANIA";"PSDB/CIDADANIA";"CIDADANIA / PSDB";230001729912;"FEDERAÇÃO";"Federação PSDB CIDADANIA(PSDB/CIDADANIA)";"N";64;0;64;313;0;0;0;0
"19/11/2025";"19:30:43";2024;2;"Eleição Ordinária";1;619;"Eleições Municipais 2024";"06/10/2024";"M";"RR";"03107";"UIRAMUTÃ";3107;"UIRAMUTÃ";7;13;"Vereador";"Federação";65;"PC do B";"Partido Comunista do Brasil";101;"Federação BRASIL DA ESPERANÇA - FE BRASIL";"PT/PC do B/PV";"PC do B / PT / PV";230001728327;"FEDERAÇÃO";"Federação BRASIL DA ESPERANÇA - FE BRASIL(PT/PC do B/PV)";"N";0;0;0;0;0;0;0;0
"19/11/2025";"19:30:43";2024;2;"Eleição Ordinária";1;619;"Eleições Municipais 2024";"06/10/2024";"M";"RR";"03077";"BONFIM";3077;"BONFIM";5;13;"Vereador";"Federação";18;"REDE";"Rede Sustentabilidade";102;"Federação PSOL REDE";"PSOL/REDE";"PSOL / REDE";230001728733;"FEDERAÇÃO";"Federação PSOL REDE(PSOL/REDE)";"N";83;0;83;464;0;0;0;0
"19/11/2025";"19:30:43";2024;2;"Eleição Ordinária";1;619;"Eleições Municipais 2024";"06/10/2024";"M";"RR";"03018";"BOA VISTA";3018;"BOA VISTA";5;13;"Vereador";"Federação";43;"PV";"Partido Verde";101;"Federação BRASIL DA ESPERANÇA - FE BRASIL";"PT/PC do B/PV";"PC do B / PT / PV";230001728297;"FEDERAÇÃO";"Federação BRASIL DA ESPERANÇA - FE BRASIL(PT/PC do B/PV)";"N";8;0;8;306;0;0;0;0
"19/11/2025";"19:30:43";2024;2;"Eleição Ordinária";1;619;"Eleições Municipais 2024";"06/10/2024";"M";"RR";"03042";"AMAJARI";3042;"AMAJARI";7;13;"Vereador";"Partido isolado";10;"REPUBLICANOS";"REPUBLICANOS";-1;"#NULO#";"#NULO#";"#NULO#";230001728448;"PARTIDO ISOLADO";"REPUBLICANOS";"N";16;0;16;1448;0;0;0;0
"19/11/2025";"19:30:43";2024;2;"Eleição Ordinária";1;619;"Eleições Municipais 2024";"06/10/2024";"M";"RR";"03158";"SÃO LUIZ";3158;"SÃO LUIZ";4;13;"Vereador";"Partido isolado";10;"REPUBLICANOS";"REPUBLICANOS";-1;"#NULO#";"#NULO#";"#NULO#";230001700014;"PARTIDO ISOLADO";"REPUBLICANOS";"N";22;0;22;1506;0;0;0;0
"19/11/2025";"19:30:43";2024;2;"Eleição Ordinária";1;619;"Eleições Municipais 2024";"06/10/2024";"M";"RR";"03018";"BOA VISTA";3018;"BOA VISTA";1;11;"Prefeito";"Coligação";44;"UNIÃO";"União Brasil";-1;"#NULO#";"#NULO#";"#NULO#";230001727402;"UMA NOVA BOA VISTA, BOA PARA TODOS";"PDT / UNIÃO / REPUBLICANOS / NOVO / PSD / PP / AVANTE";"N";0;0;0;22445;0;0;0;0
"19/11/2025";"19:30:43";2024;2;"Eleição Ordinária";1;619;"Eleições Municipais 2024";"06/10/2024";"M";"RR";"03018";"BOA VISTA";3018;"BOA VISTA";5;11;"Prefeito";"Coligação";44;"UNIÃO";"União Brasil";-1;"#NULO#";"#NULO#";"#NULO#";230001727402;"UMA NOVA BOA VISTA, BOA PARA TODOS";"PDT / UNIÃO / REPUBLICANOS / NOVO / PSD / PP / AVANTE";"N";0;0;0;17965;0;0;0;0
"19/11/2025";"19:30:43";2024;2;"Eleição Ordinária";1;619;"Eleições Municipais 2024";"06/10/2024";"M";"RR";"03107";"UIRAMUTÃ";3107;"UIRAMUTÃ";7;13;"Vereador";"Federação";13;"PT";"Partido dos Trabalhadores";101;"Federação BRASIL DA ESPERANÇA - FE BRASIL";"PT/PC do B/PV";"PC do B / PT / PV";230001728327;"FEDERAÇÃO";"Federação BRASIL DA ESPERANÇA - FE BRASIL(PT/PC do B/PV)";"N";26;0;26;686;0;0;0;0
"19/11/2025";"19:30:43";2024;2;"Eleição Ordinária";1;619;"Eleições Municipais 2024";"06/10/2024";"M";"RR";"03123";"PACARAIMA";3123;"PACARAIMA";7;13;"Vereador";"Partido isolado";20;"PODE";"Podemos";-1;"#NULO#";"#NULO#";"#NULO#";230001743480;"PARTIDO ISOLADO";"PODE";"N";64;0;64;864;0;0;0;0
"19/11/2025";"19:30:43";2024;2;"Eleição Ordinária";1;619;"Eleições Municipais 2024";"06/10/2024";"M";"RR";"03107";"UIRAMUTÃ";3107;"UIRAMUTÃ";7;13;"Vereador";"Federação";23;"CIDADANIA";"Cidadania";100;"Federação PSDB CIDADANIA";"PSDB/CIDADANIA";"CIDADANIA / PSDB";230001737434;"FEDERAÇÃO";"Federação PSDB CIDADANIA(PSDB/CIDADANIA)";"N";6;0;6;631;0;0;0;0
"19/11/2025";"19:30:43";2024;2;"Eleição Ordinária";1;619;"Eleições Municipais 2024";"06/10/2024";"M";"RR";"03000";"CAROEBE";3000;"CAROEBE";4;13;"Vereador";"Partido isolado";22;"PL";"Partido Liberal";-1;"#NULO#";"#NULO#";"#NULO#";230001733821;"PARTIDO ISOLADO";"PL";"N";18;0;18;1350;0;0;0;0
"19/11/2025";"19:30:43";2024;2;"Eleição Ordinária";1;619;"Eleições Municipais 2024";"06/10/2024";"M";"RR";"03107";"UIRAMUTÃ";3107;"UIRAMUTÃ";7;11;"Prefeito";"Coligação";12;"PDT";"Partido Democrático Trabalhista";-1;"#NULO#";"#NULO#";"#NULO#";230001743454;"Juntos somos fortes, unidos invencíveis";"PP / PDT / REPUBLICANOS / Federação BRASIL DA ESPERANÇA - FE BRASIL(PT/PC do B/PV)";"N";0;0;0;2849;0;0;0;0
"19/11/2025";"19:30:43";2024;2;"Eleição Ordinária";1;619;"Eleições Municipais 2024";"06/10/2024";"M";"RR";"03034";"CARACARAÍ";3034;"CARACARAÍ";2;13;"Vereador";"Partido isolado";11;"PP";"PROGRESSISTAS";-1;"#NULO#";"#NULO#";"#NULO#";230001743584;"PARTIDO ISOLADO";"PP";"N";78;0;78;2626;0;0;0;0
"19/11/2025";"19:30:43";2024;2;"Eleição Ordinária";1;619;"Eleições Municipais 2024";"06/10/2024";"M";"RR";"03085";"RORAINÓPOLIS";3085;"RORAINÓPOLIS";8;13;"Vereador";"Partido isolado";20;"PODE";"Podemos";-1;"#NULO#";"#NULO#";"#NULO#";230001726007;"PARTIDO ISOLADO";"PODE";"N";92;0;92;2875;0;0;0;0
"19/11/2025";"19:30:43";2024;2;"Eleição Ordinária";1;619;"Eleições Municipais 2024";"06/10/2024";"M";"RR";"03034";"CARACARAÍ";3034;"CARACARAÍ";2;13;"Vereador";"Partido isolado";30;"NOVO";"Partido Novo";-1;"#NULO#";"#NULO#";"#NULO#";230001726536;"PARTIDO ISOLADO";"NOVO";"N";0;0;0;66;0;0;0;0
"19/11/2025";"19:30:43";2024;2;"Eleição Ordinária";1;619;"Eleições Municipais 2024";"06/10/2024";"M";"RR";"03123";"PACARAIMA";3123;"PACARAIMA";7;13;"Vereador";"Partido isolado";11;"PP";"PROGRESSISTAS";-1;"#NULO#";"#NULO#";"#NULO#";230001743431;"PARTIDO ISOLADO";"PP";"N";90;0;90;1875;0;0;0;0
"19/11/2025";"19:30:43";2024;2;"Eleição Ordinária";1;619;"Eleições Municipais 2024";"06/10/2024";"M";"RR";"03034";"CARACARAÍ";3034;"CARACARAÍ";2;13;"Vereador";"Partido isolado";40;"PSB";"Partido Socialista Brasileiro";-1;"#NULO#";"#NULO#";"#NULO#";230001726451;"PARTIDO ISOLADO";"PSB";"N";7;0;7;1030;0;0;0;0
"19/11/2025";"19:30:43";2024;2;"Eleição Ordinária";1;619;"Eleições Municipais 2024";"06/10/2024";"M";"RR";"03069";"CANTÁ";3069;"CANTÁ";5;13;"Vereador";"Federação";50;"PSOL";"Partido Socialismo e Liberdade";102;"Federação PSOL REDE";"PSOL/REDE";"PSOL / REDE";230001737766;"FEDERAÇÃO";"Federação PSOL REDE(PSOL/REDE)";"N";0;0;0;0;0;0;0;0
"19/11/2025";"19:30:43";2024;2;"Eleição Ordinária";1;619;"Eleições Municipais 2024";"06/10/2024";"M";"RR";"03085";"RORAINÓPOLIS";3085;"RORAINÓPOLIS";8;13;"Vereador";"Partido isolado";10;"REPUBLICANOS";"REPUBLICANOS";-1;"#NULO#";"#NULO#";"#NULO#";230001699063;"PARTIDO ISOLADO";"REPUBLICANOS";"N";162;0;162;4133;0;0;0;0
"19/11/2025";"19:30:43";2024;2;"Eleição Ordinária";1;619;"Eleições Municipais 2024";"06/10/2024";"M";"RR";"03093";"MUCAJAÍ";3093;"MUCAJAÍ";6;13;"Vereador";"Partido isolado";12;"PDT";"Partido Democrático Trabalhista";-1;"#NULO#";"#NULO#";"#NULO#";230001729480;"PARTIDO ISOLADO";"PDT";"N";30;0;30;1934;0;0;0;0
"19/11/2025";"19:30:43";2024;2;"Eleição Ordinária";1;619;"Eleições Municipais 2024";"06/10/2024";"M";"RR";"03034";"CARACARAÍ";3034;"CARACARAÍ";2;13;"Vereador";"Partido isolado";20;"PODE";"Podemos";-1;"#NULO#";"#NULO#";"#NULO#";230001735974;"PARTIDO ISOLADO";"PODE";"N";5;0;5;1399;0;0;0;0
"19/11/2025";"19:30:43";2024;2;"Eleição Ordinária";1;619;"Eleições Municipais 2024";"06/10/2024";"M";"RR";"03077";"BONFIM";3077;"BONFIM";5;11;"Prefeito";"Partido isolado";12;"PDT";"Partido Democrático Trabalhista";-1;"#NULO#";"#NULO#";"#NULO#";230001729738;"PARTIDO ISOLADO";"PDT";"N";0;0;0;818;0;0;0;0
"19/11/2025";"19:30:43";2024;2;"Eleição Ordinária";1;619;"Eleições Municipais 2024";"06/10/2024";"M";"RR";"03000";"CAROEBE";3000;"CAROEBE";4;13;"Vereador";"Partido isolado";55;"PSD";"Partido Social Democrático";-1;"#NULO#";"#NULO#";"#NULO#";230001727797;"PARTIDO ISOLADO";"PSD";"N";20;0;20;820;0;0;0;0
"19/11/2025";"19:30:43";2024;2;"Eleição Ordinária";1;619;"Eleições Municipais 2024";"06/10/2024";"M";"RR";"03158";"SÃO LUIZ";3158;"SÃO LUIZ";4;11;"Prefeito";"Coligação";11;"PP";"PROGRESSISTAS";-1;"#NULO#";"#NULO#";"#NULO#";230001696569;"JUNTOS POR SÃO LUIZ";"REPUBLICANOS / PP / PL";"N";0;0;0;3064;0;0;0;0
"19/11/2025";"19:30:43";2024;2;"Eleição Ordinária";1;619;"Eleições Municipais 2024";"06/10/2024";"M";"RR";"03077";"BONFIM";3077;"BONFIM";5;13;"Vereador";"Partido isolado";11;"PP";"PROGRESSISTAS";-1;"#NULO#";"#NULO#";"#NULO#";230001699752;"PARTIDO ISOLADO";"PP";"N";25;0;25;1341;0;0;0;0
"19/11/2025";"19:30:43";2024;2;"Eleição Ordinária";1;619;"Eleições Municipais 2024";"06/10/2024";"M";"RR";"03069";"CANTÁ";3069;"CANTÁ";5;11;"Prefeito";"Federação";18;"REDE";"Rede Sustentabilidade";102;"Federação PSOL REDE";"PSOL/REDE";"PSOL / REDE";230001737809;"FEDERAÇÃO";"Federação PSOL REDE(PSOL/REDE)";"N";0;0;0;117;0;0;0;0
"19/11/2025";"19:30:43";2024;2;"Eleição Ordinária";1;619;"Eleições Municipais 2024";"06/10/2024";"M";"RR";"03115";"NORMANDIA";3115;"NORMANDIA";5;11;"Prefeito";"Coligação";23;"CIDADANIA";"Cidadania";100;"Federação PSDB CIDADANIA";"PSDB/CIDADANIA";"CIDADANIA / PSDB";230001729915;"Aliança por uma Normandia forte e unida";"Federação PSDB CIDADANIA(PSDB/CIDADANIA) / PDT / REPUBLICANOS";"N";0;0;0;3117;0;0;0;0
"19/11/2025";"19:30:43";2024;2;"Eleição Ordinária";1;619;"Eleições Municipais 2024";"06/10/2024";"M";"RR";"03085";"RORAINÓPOLIS";3085;"RORAINÓPOLIS";8;13;"Vereador";"Partido isolado";11;"PP";"PROGRESSISTAS";-1;"#NULO#";"#NULO#";"#NULO#";230001699041;"PARTIDO ISOLADO";"PP";"N";37;0;37;2070;0;0;0;0
"19/11/2025";"19:30:43";2024;2;"Eleição Ordinária";1;619;"Eleições Municipais 2024";"06/10/2024";"M";"RR";"03018";"BOA VISTA";3018;"BOA VISTA";1;13;"Vereador";"Federação";23;"CIDADANIA";"Cidadania";100;"Federação PSDB CIDADANIA";"PSDB/CIDADANIA";"CIDADANIA / PSDB";230001750164;"FEDERAÇÃO";"Federação PSDB CIDADANIA(PSDB/CIDADANIA)";"N";8;0;8;392;0;0;0;0
"19/11/2025";"19:30:43";2024;2;"Eleição Ordinária";1;619;"Eleições Municipais 2024";"06/10/2024";"M";"RR";"03018";"BOA VISTA";3018;"BOA VISTA";5;13;"Vereador";"Federação";13;"PT";"Partido dos Trabalhadores";101;"Federação BRASIL DA ESPERANÇA - FE BRASIL";"PT/PC do B/PV";"PC do B / PT / PV";230001728297;"FEDERAÇÃO";"Federação BRASIL DA ESPERANÇA - FE BRASIL(PT/PC do B/PV)";"N";33;0;33;237;0;0;0;0
"19/11/2025";"19:30:43";2024;2;"Eleição Ordinária";1;619;"Eleições Municipais 2024";"06/10/2024";"M";"RR";"03107";"UIRAMUTÃ";3107;"UIRAMUTÃ";7;13;"Vereador";"Federação";18;"REDE";"Rede Sustentabilidade";102;"Federação PSOL REDE";"PSOL/REDE";"PSOL / REDE";230001728420;"FEDERAÇÃO";"Federação PSOL REDE(PSOL/REDE)";"N";140;0;140;688;0;0;0;0
"19/11/2025";"19:30:43";2024;2;"Eleição Ordinária";1;619;"Eleições Municipais 2024";"06/10/2024";"M";"RR";"03034";"CARACARAÍ";3034;"CARACARAÍ";2;13;"Vereador";"Partido isolado";55;"PSD";"Partido Social Democrático";-1;"#NULO#";"#NULO#";"#NULO#";230001712547;"PARTIDO ISOLADO";"PSD";"N";13;0;13;1192;0;0;0;0
"19/11/2025";"19:30:43";2024;2;"Eleição Ordinária";1;619;"Eleições Municipais 2024";"06/10/2024";"M";"RR";"03093";"MUCAJAÍ";3093;"MUCAJAÍ";6;13;"Vereador";"Partido isolado";40;"PSB";"Partido Socialista Brasileiro";-1;"#NULO#";"#NULO#";"#NULO#";230001741437;"PARTIDO ISOLADO";"PSB";"N";8;0;8;1321;0;0;0;0
"19/11/2025";"19:30:43";2024;2;"Eleição Ordinária";1;619;"Eleições Municipais 2024";"06/10/2024";"M";"RR";"03018";"BOA VISTA";3018;"BOA VISTA";5;13;"Vereador";"Partido isolado";55;"PSD";"Partido Social Democrático";-1;"#NULO#";"#NULO#";"#NULO#";230001697465;"PARTIDO ISOLADO";"PSD";"N";67;0;67;7123;0;0;0;0
"19/11/2025";"19:30:43";2024;2;"Eleição Ordinária";1;619;"Eleições Municipais 2024";"06/10/2024";"M";"RR";"03069";"CANTÁ";3069;"CANTÁ";5;13;"Vereador";"Partido isolado";12;"PDT";"Partido Democrático Trabalhista";-1;"#NULO#";"#NULO#";"#NULO#";230001755463;"PARTIDO ISOLADO";"PDT";"N";47;0;47;1726;0;0;0;0
"19/11/2025";"19:30:43";2024;2;"Eleição Ordinária";1;619;"Eleições Municipais 2024";"06/10/2024";"M";"RR";"03050";"ALTO ALEGRE";3050;"ALTO ALEGRE";3;11;"Prefeito";"Partido isolado";11;"PP";"PROGRESSISTAS";-1;"#NULO#";"#NULO#";"#NULO#";230001715985;"PARTIDO ISOLADO";"PP";"N";0;0;0;4114;0;0;0;0
"19/11/2025";"19:30:43";2024;2;"Eleição Ordinária";1;619;"Eleições Municipais 2024";"06/10/2024";"M";"RR";"03000";"CAROEBE";3000;"CAROEBE";4;13;"Vereador";"Partido isolado";11;"PP";"PROGRESSISTAS";-1;"#NULO#";"#NULO#";"#NULO#";230001745430;"PARTIDO ISOLADO";"PP";"N";19;0;19;1162;0;0;0;0
"19/11/2025";"19:30:43";2024;2;"Eleição Ordinária";1;619;"Eleições Municipais 2024";"06/10/2024";"M";"RR";"03042";"AMAJARI";3042;"AMAJARI";7;11;"Prefeito";"Coligação";20;"PODE";"Podemos";-1;"#NULO#";"#NULO#";"#NULO#";230001751648;"UM NOVO FUTURO PARA O AMAJARÍ";"PODE / PDT / MDB";"N";0;0;0;2945;0;0;0;0
"19/11/2025";"19:30:43";2024;2;"Eleição Ordinária";1;619;"Eleições Municipais 2024";"06/10/2024";"M";"RR";"03069";"CANTÁ";3069;"CANTÁ";5;13;"Vereador";"Partido isolado";22;"PL";"Partido Liberal";-1;"#NULO#";"#NULO#";"#NULO#";230001729820;"PARTIDO ISOLADO";"PL";"N";107;0;107;699;0;0;0;0
"19/11/2025";"19:30:43";2024;2;"Eleição Ordinária";1;619;"Eleições Municipais 2024";"06/10/2024";"M";"RR";"03093";"MUCAJAÍ";3093;"MUCAJAÍ";6;13;"Vereador";"Partido isolado";20;"PODE";"Podemos";-1;"#NULO#";"#NULO#";"#NULO#";230001735874;"PARTIDO ISOLADO";"PODE";"N";12;0;12;1191;0;0;0;0
"19/11/2025";"19:30:43";2024;2;"Eleição Ordinária";1;619;"Eleições Municipais 2024";"06/10/2024";"M";"RR";"03026";"IRACEMA";3026;"IRACEMA";6;13;"Vereador";"Federação";23;"CIDADANIA";"Cidadania";100;"Federação PSDB CIDADANIA";"PSDB/CIDADANIA";"CIDADANIA / PSDB";230001711547;"FEDERAÇÃO";"Federação PSDB CIDADANIA(PSDB/CIDADANIA)";"N";2;0;2;0;0;0;0;0
"19/11/2025";"19:30:43";2024;2;"Eleição Ordinária";1;619;"Eleições Municipais 2024";"06/10/2024";"M";"RR";"03050";"ALTO ALEGRE";3050;"ALTO ALEGRE";3;13;"Vereador";"Federação";18;"REDE";"Rede Sustentabilidade";102;"Federação PSOL REDE";"PSOL/REDE";"PSOL / REDE";230001750681;"FEDERAÇÃO";"Federação PSOL REDE(PSOL/REDE)";"N";2;0;2;102;0;0;0;0
"19/11/2025";"19:30:43";2024;2;"Eleição Ordinária";1;619;"Eleições Municipais 2024";"06/10/2024";"M";"RR";"03069";"CANTÁ";3069;"CANTÁ";5;11;"Prefeito";"Coligação";45;"PSDB";"Partido da Social Democracia Brasileira";100;"Federação PSDB CIDADANIA";"PSDB/CIDADANIA";"CIDADANIA / PSDB";230001737742;"O Cantá para todos";"Federação PSDB CIDADANIA(PSDB/CIDADANIA) / Federação BRASIL DA ESPERANÇA - FE BRASIL(PT/PC do B/PV)";"N";0;0;0;1896;0;0;0;0
"19/11/2025";"19:30:43";2024;2;"Eleição Ordinária";1;619;"Eleições Municipais 2024";"06/10/2024";"M";"RR";"03123";"PACARAIMA";3123;"PACARAIMA";7;13;"Vereador";"Federação";18;"REDE";"Rede Sustentabilidade";102;"Federação PSOL REDE";"PSOL/REDE";"PSOL / REDE";230001757393;"FEDERAÇÃO";"Federação PSOL REDE(PSOL/REDE)";"N";3;0;3;356;0;0;0;0
"19/11/2025";"19:30:43";2024;2;"Eleição Ordinária";1;619;"Eleições Municipais 2024";"06/10/2024";"M";"RR";"03131";"SÃO JOÃO DA BALIZA";3131;"SÃO JOÃO DA BALIZA";4;13;"Vereador";"Partido isolado";15;"MDB";"Movimento Democrático Brasileiro";-1;"#NULO#";"#NULO#";"#NULO#";230001727837;"PARTIDO ISOLADO";"MDB";"N";13;0;13;527;0;0;0;0
"19/11/2025";"19:30:43";2024;2;"Eleição Ordinária";1;619;"Eleições Municipais 2024";"06/10/2024";"M";"RR";"03115";"NORMANDIA";3115;"NORMANDIA";5;13;"Vereador";"Federação";45;"PSDB";"Partido da Social Democracia Brasileira";100;"Federação PSDB CIDADANIA";"PSDB/CIDADANIA";"CIDADANIA / PSDB";230001729912;"FEDERAÇÃO";"Federação PSDB CIDADANIA(PSDB/CIDADANIA)";"N";1;0;1;98;0;0;0;0
"19/11/2025";"19:30:43";2024;2;"Eleição Ordinária";1;619;"Eleições Municipais 2024";"06/10/2024";"M";"RR";"03093";"MUCAJAÍ";3093;"MUCAJAÍ";6;13;"Vereador";"Partido isolado";11;"PP";"PROGRESSISTAS";-1;"#NULO#";"#NULO#";"#NULO#";230001711450;"PARTIDO ISOLADO";"PP";"N";18;0;18;224;0;0;0;0
"19/11/2025";"19:30:43";2024;2;"Eleição Ordinária";1;619;"Eleições Municipais 2024";"06/10/2024";"M";"RR";"03077";"BONFIM";3077;"BONFIM";5;13;"Vereador";"Partido isolado";12;"PDT";"Partido Democrático Trabalhista";-1;"#NULO#";"#NULO#";"#NULO#";230001751992;"PARTIDO ISOLADO";"PDT";"N";35;0;35;516;0;0;0;0
"19/11/2025";"19:30:43";2024;2;"Eleição Ordinária";1;619;"Eleições Municipais 2024";"06/10/2024";"M";"RR";"03050";"ALTO ALEGRE";3050;"ALTO ALEGRE";3;13;"Vereador";"Partido isolado";10;"REPUBLICANOS";"REPUBLICANOS";-1;"#NULO#";"#NULO#";"#NULO#";230001714363;"PARTIDO ISOLADO";"REPUBLICANOS";"N";136;0;136;3471;0;0;0;0
"19/11/2025";"19:30:43";2024;2;"Eleição Ordinária";1;619;"Eleições Municipais 2024";"06/10/2024";"M";"RR";"03026";"IRACEMA";3026;"IRACEMA";6;13;"Vereador";"Federação";45;"PSDB";"Partido da Social Democracia Brasileira";100;"Federação PSDB CIDADANIA";"PSDB/CIDADANIA";"CIDADANIA / PSDB";230001711547;"FEDERAÇÃO";"Federação PSDB CIDADANIA(PSDB/CIDADANIA)";"N";12;0;12;732;0;0;0;0
"19/11/2025";"19:30:43";2024;2;"Eleição Ordinária";1;619;"Eleições Municipais 2024";"06/10/2024";"M";"RR";"03123";"PACARAIMA";3123;"PACARAIMA";7;13;"Vereador";"Federação";50;"PSOL";"Partido Socialismo e Liberdade";102;"Federação PSOL REDE";"PSOL/REDE";"PSOL / REDE";230001757393;"FEDERAÇÃO";"Federação PSOL REDE(PSOL/REDE)";"N";2;0;2;177;0;0;0;0
"19/11/2025";"19:30:43";2024;2;"Eleição Ordinária";1;619;"Eleições Municipais 2024";"06/10/2024";"M";"RR";"03069";"CANTÁ";3069;"CANTÁ";5;13;"Vereador";"Federação";65;"PC do B";"Partido Comunista do Brasil";101;"Federação BRASIL DA ESPERANÇA - FE BRASIL";"PT/PC do B/PV";"PC do B / PT / PV";230001741443;"FEDERAÇÃO";"Federação BRASIL DA ESPERANÇA - FE BRASIL(PT/PC do B/PV)";"N";0;0;0;0;0;0;0;0
"19/11/2025";"19:30:43";2024;2;"Eleição Ordinária";1;619;"Eleições Municipais 2024";"06/10/2024";"M";"RR";"03077";"BONFIM";3077;"BONFIM";5;13;"Vereador";"Federação";50;"PSOL";"Partido Socialismo e Liberdade";102;"Federação PSOL REDE";"PSOL/REDE";"PSOL / REDE";230001728733;"FEDERAÇÃO";"Federação PSOL REDE(PSOL/REDE)";"N";2;0;2;0;0;0;0;0
"19/11/2025";"19:30:43";2024;2;"Eleição Ordinária";1;619;"Eleições Municipais 2024";"06/10/2024";"M";"RR";"03026";"IRACEMA";3026;"IRACEMA";6;13;"Vereador";"Partido isolado";12;"PDT";"Partido Democrático Trabalhista";-1;"#NULO#";"#NULO#";"#NULO#";230001709309;"PARTIDO ISOLADO";"PDT";"N";26;0;26;1556;0;0;0;0
"19/11/2025";"19:30:43";2024;2;"Eleição Ordinária";1;619;"Eleições Municipais 2024";"06/10/2024";"M";"RR";"03018";"BOA VISTA";3018;"BOA VISTA";1;13;"Vereador";"Partido isolado";55;"PSD";"Partido Social Democrático";-1;"#NULO#";"#NULO#";"#NULO#";230001697465;"PARTIDO ISOLADO";"PSD";"N";68;0;68;9606;0;0;0;0
"19/11/2025";"19:30:43";2024;2;"Eleição Ordinária";1;619;"Eleições Municipais 2024";"06/10/2024";"M";"RR";"03018";"BOA VISTA";3018;"BOA VISTA";1;13;"Vereador";"Partido isolado";44;"UNIÃO";"União Brasil";-1;"#NULO#";"#NULO#";"#NULO#";230001727404;"PARTIDO ISOLADO";"UNIÃO";"N";130;0;130;6625;0;0;0;0
"19/11/2025";"19:30:43";2024;2;"Eleição Ordinária";1;619;"Eleições Municipais 2024";"06/10/2024";"M";"RR";"03107";"UIRAMUTÃ";3107;"UIRAMUTÃ";7;13;"Vereador";"Partido isolado";12;"PDT";"Partido Democrático Trabalhista";-1;"#NULO#";"#NULO#";"#NULO#";230001757452;"PARTIDO ISOLADO";"PDT";"N";0;0;0;0;0;0;0;0
"19/11/2025";"19:30:43";2024;2;"Eleição Ordinária";1;619;"Eleições Municipais 2024";"06/10/2024";"M";"RR";"03115";"NORMANDIA";3115;"NORMANDIA";5;13;"Vereador";"Federação";18;"REDE";"Rede Sustentabilidade";102;"Federação PSOL REDE";"PSOL/REDE";"PSOL / REDE";230001745775;"FEDERAÇÃO";"Federação PSOL REDE(PSOL/REDE)";"N";6;0;6;524;0;0;0;0
"19/11/2025";"19:30:43";2024;2;"Eleição Ordinária";1;619;"Eleições Municipais 2024";"06/10/2024";"M";"RR";"03018";"BOA VISTA";3018;"BOA VISTA";1;13;"Vereador";"Partido isolado";22;"PL";"Partido Liberal";-1;"#NULO#";"#NULO#";"#NULO#";230001712759;"PARTIDO ISOLADO";"PL";"N";99;0;99;3209;0;0;0;0
"19/11/2025";"19:30:43";2024;2;"Eleição Ordinária";1;619;"Eleições Municipais 2024";"06/10/2024";"M";"RR";"03018";"BOA VISTA";3018;"BOA VISTA";5;13;"Vereador";"Partido isolado";44;"UNIÃO";"União Brasil";-1;"#NULO#";"#NULO#";"#NULO#";230001727404;"PARTIDO ISOLADO";"UNIÃO";"N";177;0;177;5702;0;0;0;0
"19/11/2025";"19:30:43";2024;2;"Eleição Ordinária";1;619;"Eleições Municipais 2024";"06/10/2024";"M";"RR";"03034";"CARACARAÍ";3034;"CARACARAÍ";2;13;"Vereador";"Partido isolado";10;"REPUBLICANOS";"REPUBLICANOS";-1;"#NULO#";"#NULO#";"#NULO#";230001715988;"PARTIDO ISOLADO";"REPUBLICANOS";"N";35;0;35;3046;0;0;0;0
"19/11/2025";"19:30:43";2024;2;"Eleição Ordinária";1;619;"Eleições Municipais 2024";"06/10/2024";"M";"RR";"03115";"NORMANDIA";3115;"NORMANDIA";5;13;"Vereador";"Partido isolado";11;"PP";"PROGRESSISTAS";-1;"#NULO#";"#NULO#";"#NULO#";230001729914;"PARTIDO ISOLADO";"PP";"N";91;0;91;1932;0;0;0;0
"19/11/2025";"19:30:43";2024;2;"Eleição Ordinária";1;619;"Eleições Municipais 2024";"06/10/2024";"M";"RR";"03123";"PACARAIMA";3123;"PACARAIMA";7;11;"Prefeito";"Coligação";11;"PP";"PROGRESSISTAS";-1;"#NULO#";"#NULO#";"#NULO#";230001728435;"COMPROMISSO E RESPEITO COM PACARAIMA";"PP / REPUBLICANOS / PSD";"N";0;0;0;3573;0;0;0;0
"19/11/2025";"19:30:43";2024;2;"Eleição Ordinária";1;619;"Eleições Municipais 2024";"06/10/2024";"M";"RR";"03018";"BOA VISTA";3018;"BOA VISTA";1;13;"Vereador";"Partido isolado";12;"PDT";"Partido Democrático Trabalhista";-1;"#NULO#";"#NULO#";"#NULO#";230001736747;"PARTIDO ISOLADO";"PDT";"N";117;0;117;9425;0;0;0;0
"19/11/2025";"19:30:43";2024;2;"Eleição Ordinária";1;619;"Eleições Municipais 2024";"06/10/2024";"M";"RR";"03050";"ALTO ALEGRE";3050;"ALTO ALEGRE";3;13;"Vereador";"Partido isolado";12;"PDT";"Partido Democrático Trabalhista";-1;"#NULO#";"#NULO#";"#NULO#";230001750647;"PARTIDO ISOLADO";"PDT";"N";26;0;26;1348;0;0;0;0
"19/11/2025";"19:30:43";2024;2;"Eleição Ordinária";1;619;"Eleições Municipais 2024";"06/10/2024";"M";"RR";"03131";"SÃO JOÃO DA BALIZA";3131;"SÃO JOÃO DA BALIZA";4;11;"Prefeito";"Partido isolado";15;"MDB";"Movimento Democrático Brasileiro";-1;"#NULO#";"#NULO#";"#NULO#";230001729782;"PARTIDO ISOLADO";"MDB";"N";0;0;0;0;0;836;0;0
"19/11/2025";"19:30:43";2024;2;"Eleição Ordinária";1;619;"Eleições Municipais 2024";"06/10/2024";"M";"RR";"03069";"CANTÁ";3069;"CANTÁ";5;13;"Vereador";"Partido isolado";11;"PP";"PROGRESSISTAS";-1;"#NULO#";"#NULO#";"#NULO#";230001742054;"PARTIDO ISOLADO";"PP";"N";147;0;147;3139;0;0;0;0
"19/11/2025";"19:30:43";2024;2;"Eleição Ordinária";1;619;"Eleições Municipais 2024";"06/10/2024";"M";"RR";"03034";"CARACARAÍ";3034;"CARACARAÍ";2;11;"Prefeito";"Coligação";45;"PSDB";"Partido da Social Democracia Brasileira";100;"Federação PSDB CIDADANIA";"PSDB/CIDADANIA";"CIDADANIA / PSDB";230001741070;"A mudança é agora";"PDT / Federação PSDB CIDADANIA(PSDB/CIDADANIA)";"N";0;0;0;5526;0;0;0;0
"19/11/2025";"19:30:43";2024;2;"Eleição Ordinária";1;619;"Eleições Municipais 2024";"06/10/2024";"M";"RR";"03018";"BOA VISTA";3018;"BOA VISTA";1;13;"Vereador";"Federação";50;"PSOL";"Partido Socialismo e Liberdade";102;"Federação PSOL REDE";"PSOL/REDE";"PSOL / REDE";230001737187;"FEDERAÇÃO";"Federação PSOL REDE(PSOL/REDE)";"N";68;0;68;547;0;0;0;0
"19/11/2025";"19:30:43";2024;2;"Eleição Ordinária";1;619;"Eleições Municipais 2024";"06/10/2024";"M";"RR";"03069";"CANTÁ";3069;"CANTÁ";5;13;"Vereador";"Federação";23;"CIDADANIA";"Cidadania";100;"Federação PSDB CIDADANIA";"PSDB/CIDADANIA";"CIDADANIA / PSDB";230001737289;"FEDERAÇÃO";"Federação PSDB CIDADANIA(PSDB/CIDADANIA)";"N";1;0;1;0;0;0;0;0
"19/11/2025";"19:30:43";2024;2;"Eleição Ordinária";1;619;"Eleições Municipais 2024";"06/10/2024";"M";"RR";"03115";"NORMANDIA";3115;"NORMANDIA";5;13;"Vereador";"Partido isolado";55;"PSD";"Partido Social Democrático";-1;"#NULO#";"#NULO#";"#NULO#";230001698410;"PARTIDO ISOLADO";"PSD";"N";21;0;21;2512;0;0;0;0
"19/11/2025";"19:30:43";2024;2;"Eleição Ordinária";1;619;"Eleições Municipais 2024";"06/10/2024";"M";"RR";"03050";"ALTO ALEGRE";3050;"ALTO ALEGRE";3;13;"Vereador";"Partido isolado";55;"PSD";"Partido Social Democrático";-1;"#NULO#";"#NULO#";"#NULO#";230001715940;"PARTIDO ISOLADO";"PSD";"N";30;0;30;2777;0;0;0;0
"19/11/2025";"19:30:43";2024;2;"Eleição Ordinária";1;619;"Eleições Municipais 2024";"06/10/2024";"M";"RR";"03123";"PACARAIMA";3123;"PACARAIMA";7;13;"Vereador";"Partido isolado";12;"PDT";"Partido Democrático Trabalhista";-1;"#NULO#";"#NULO#";"#NULO#";230001743465;"PARTIDO ISOLADO";"PDT";"N";51;0;51;867;0;0;0;0
"19/11/2025";"19:30:43";2024;2;"Eleição Ordinária";1;619;"Eleições Municipais 2024";"06/10/2024";"M";"RR";"03077";"BONFIM";3077;"BONFIM";5;13;"Vereador";"Partido isolado";10;"REPUBLICANOS";"REPUBLICANOS";-1;"#NULO#";"#NULO#";"#NULO#";230001699773;"PARTIDO ISOLADO";"REPUBLICANOS";"N";82;0;82;1812;0;0;0;0
"19/11/2025";"19:30:43";2024;2;"Eleição Ordinária";1;619;"Eleições Municipais 2024";"06/10/2024";"M";"RR";"03042";"AMAJARI";3042;"AMAJARI";7;13;"Vereador";"Federação";45;"PSDB";"Partido da Social Democracia Brasileira";100;"Federação PSDB CIDADANIA";"PSDB/CIDADANIA";"CIDADANIA / PSDB";230001743445;"FEDERAÇÃO";"Federação PSDB CIDADANIA(PSDB/CIDADANIA)";"N";3;0;3;395;0;0;0;0
"19/11/2025";"19:30:43";2024;2;"Eleição Ordinária";1;619;"Eleições Municipais 2024";"06/10/2024";"M";"RR";"03069";"CANTÁ";3069;"CANTÁ";5;13;"Vereador";"Federação";13;"PT";"Partido dos Trabalhadores";101;"Federação BRASIL DA ESPERANÇA - FE BRASIL";"PT/PC do B/PV";"PC do B / PT / PV";230001741443;"FEDERAÇÃO";"Federação BRASIL DA ESPERANÇA - FE BRASIL(PT/PC do B/PV)";"N";5;0;5;257;0;0;0;0
"19/11/2025";"19:30:43";2024;2;"Eleição Ordinária";1;619;"Eleições Municipais 2024";"06/10/2024";"M";"RR";"03107";"UIRAMUTÃ";3107;"UIRAMUTÃ";7;13;"Vereador";"Federação";50;"PSOL";"Partido Socialismo e Liberdade";102;"Federação PSOL REDE";"PSOL/REDE";"PSOL / REDE";230001728420;"FEDERAÇÃO";"Federação PSOL REDE(PSOL/REDE)";"N";1;0;1;53;0;0;0;0
"19/11/2025";"19:30:43";2024;2;"Eleição Ordinária";1;619;"Eleições Municipais 2024";"06/10/2024";"M";"RR";"03131";"SÃO JOÃO DA BALIZA";3131;"SÃO JOÃO DA BALIZA";4;11;"Prefeito";"Coligação";11;"PP";"PROGRESSISTAS";-1;"#NULO#";"#NULO#";"#NULO#";230001699977;"PRA CONTINUAR CONSTRUINDO O FUTURO COM AMOR";"PP / REPUBLICANOS / PSB / PSD";"N";0;0;0;3852;0;0;0;0
"19/11/2025";"19:30:43";2024;2;"Eleição Ordinária";1;619;"Eleições Municipais 2024";"06/10/2024";"M";"RR";"03115";"NORMANDIA";3115;"NORMANDIA";5;11;"Prefeito";"Coligação";11;"PP";"PROGRESSISTAS";-1;"#NULO#";"#NULO#";"#NULO#";230001737725;"NORMANDIA NÃO PODE PARAR";"PP / Federação PSOL REDE(PSOL/REDE) / PSD";"N";0;0;0;5036;0;0;0;0
"19/11/2025";"19:30:43";2024;2;"Eleição Ordinária";1;619;"Eleições Municipais 2024";"06/10/2024";"M";"RR";"03050";"ALTO ALEGRE";3050;"ALTO ALEGRE";3;13;"Vereador";"Partido isolado";15;"MDB";"Movimento Democrático Brasileiro";-1;"#NULO#";"#NULO#";"#NULO#";230001721057;"PARTIDO ISOLADO";"MDB";"N";24;0;24;1469;0;0;0;0
"19/11/2025";"19:30:43";2024;2;"Eleição Ordinária";1;619;"Eleições Municipais 2024";"06/10/2024";"M";"RR";"03018";"BOA VISTA";3018;"BOA VISTA";1;11;"Prefeito";"Federação";50;"PSOL";"Partido Socialismo e Liberdade";102;"Federação PSOL REDE";"PSOL/REDE";"PSOL / REDE";230001729951;"FEDERAÇÃO";"Federação PSOL REDE(PSOL/REDE)";"N";0;0;0;1058;0;0;0;0
"19/11/2025";"19:30:43";2024;2;"Eleição Ordinária";1;619;"Eleições Municipais 2024";"06/10/2024";"M";"RR";"03085";"RORAINÓPOLIS";3085;"RORAINÓPOLIS";8;11;"Prefeito";"Coligação";10;"REPUBLICANOS";"REPUBLICANOS";-1;"#NULO#";"#NULO#";"#NULO#";230001710219;"Somos Rorainópolis de Verdade";"REPUBLICANOS / PP / PDT / PRTB / PL";"N";0;0;0;11217;0;0;0;0
"19/11/2025";"19:30:43";2024;2;"Eleição Ordinária";1;619;"Eleições Municipais 2024";"06/10/2024";"M";"RR";"03069";"CANTÁ";3069;"CANTÁ";5;11;"Prefeito";"Coligação";22;"PL";"Partido Liberal";-1;"#NULO#";"#NULO#";"#NULO#";230001729958;"AVANÇA CANTÁ";"PL / PRD / MDB / PODE";"N";0;0;0;4963;0;0;0;0
"19/11/2025";"19:30:43";2024;2;"Eleição Ordinária";1;619;"Eleições Municipais 2024";"06/10/2024";"M";"RR";"03093";"MUCAJAÍ";3093;"MUCAJAÍ";6;11;"Prefeito";"Coligação";77;"SOLIDARIEDADE";"Solidariedade";-1;"#NULO#";"#NULO#";"#NULO#";230001714346;"UNIDOS CONTINUAREMOS O TRABALHO";"MDB / PODE / PSB / SOLIDARIEDADE";"N";0;0;0;5982;0;0;0;0
"19/11/2025";"19:30:43";2024;2;"Eleição Ordinária";1;619;"Eleições Municipais 2024";"06/10/2024";"M";"RR";"03069";"CANTÁ";3069;"CANTÁ";5;13;"Vereador";"Partido isolado";10;"REPUBLICANOS";"REPUBLICANOS";-1;"#NULO#";"#NULO#";"#NULO#";230001729952;"PARTIDO ISOLADO";"REPUBLICANOS";"N";38;0;38;2693;0;0;0;0
"19/11/2025";"19:30:43";2024;2;"Eleição Ordinária";1;619;"Eleições Municipais 2024";"06/10/2024";"M";"RR";"03034";"CARACARAÍ";3034;"CARACARAÍ";2;13;"Vereador";"Federação";45;"PSDB";"Partido da Social Democracia Brasileira";100;"Federação PSDB CIDADANIA";"PSDB/CIDADANIA";"CIDADANIA / PSDB";230001738200;"FEDERAÇÃO";"Federação PSDB CIDADANIA(PSDB/CIDADANIA)";"N";67;0;67;1494;0;0;0;0
"19/11/2025";"19:30:43";2024;2;"Eleição Ordinária";1;619;"Eleições Municipais 2024";"06/10/2024";"M";"RR";"03131";"SÃO JOÃO DA BALIZA";3131;"SÃO JOÃO DA BALIZA";4;13;"Vereador";"Partido isolado";40;"PSB";"Partido Socialista Brasileiro";-1;"#NULO#";"#NULO#";"#NULO#";230001701917;"PARTIDO ISOLADO";"PSB";"N";4;0;4;693;0;0;0;0
"19/11/2025";"19:30:43";2024;2;"Eleição Ordinária";1;619;"Eleições Municipais 2024";"06/10/2024";"M";"RR";"03042";"AMAJARI";3042;"AMAJARI";7;13;"Vereador";"Partido isolado";20;"PODE";"Podemos";-1;"#NULO#";"#NULO#";"#NULO#";230001751684;"PARTIDO ISOLADO";"PODE";"N";43;0;43;601;0;0;0;0
